RulerID	Name	Personal Name	Wikipedia	Epithet	Notes
1	St. Peter	Simon Peter	https://en.wikipedia.org/wiki/Pope_Peter		
2	St. Linus		https://en.wikipedia.org/wiki/Pope_Linus		
3	St. Anacletus (Cletus)		https://en.wikipedia.org/wiki/Pope_Anacletus		
4	St. Clement I		https://en.wikipedia.org/wiki/Pope_Clement_I		
5	St. Evaristus		https://en.wikipedia.org/wiki/Pope_Evaristus		
6	St. Alexander I		https://en.wikipedia.org/wiki/Pope_Alexander_I		
7	St. Sixtus I 		https://en.wikipedia.org/wiki/Pope_Sixtus_I		
8	St. Telesphorus		https://en.wikipedia.org/wiki/Pope_Telesphorus		
9	St. Hyginus		https://en.wikipedia.org/wiki/Pope_Hyginus		
10	St. Pius I		https://en.wikipedia.org/wiki/Pope_Pius_I		
11	St. Anicetus		https://en.wikipedia.org/wiki/Pope_Anicetus		
12	St. Soter		https://en.wikipedia.org/wiki/Pope_Soter		
13	St. Eleutherius		https://en.wikipedia.org/wiki/Pope_Eleutherius		
14	St. Victor I		https://en.wikipedia.org/wiki/Pope_Victor_I		
15	St. Zephyrinus		https://en.wikipedia.org/wiki/Pope_Zephyrinus		
16	St. Callistus I		https://en.wikipedia.org/wiki/Pope_Callixtus_I		
17	St. Urban I		https://en.wikipedia.org/wiki/Pope_Urban_I		
18	St. Pontian		https://en.wikipedia.org/wiki/Pope_Pontian		
19	St. Anterus		https://en.wikipedia.org/wiki/Pope_Anterus		
20	St. Fabian		https://en.wikipedia.org/wiki/Pope_Fabian		
21	St. Cornelius		https://en.wikipedia.org/wiki/Pope_Cornelius		
22	St. Lucius I		https://en.wikipedia.org/wiki/Pope_Lucius_I		
23	St. Stephen I		https://en.wikipedia.org/wiki/Pope_Stephen_I		
24	St. Sixtus II		https://en.wikipedia.org/wiki/Pope_Sixtus_II		
25	St. Dionysius		https://en.wikipedia.org/wiki/Pope_Dionysius		
26	St. Felix I		https://en.wikipedia.org/wiki/Pope_Felix_I		
27	St. Eutychian		https://en.wikipedia.org/wiki/Pope_Eutychian		
28	St. Caius 		https://en.wikipedia.org/wiki/Pope_Caius		
29	St. Marcellinus		https://en.wikipedia.org/wiki/Pope_Marcellinus		
30	St. Marcellus I		https://en.wikipedia.org/wiki/Pope_Marcellus_I		
31	St. Eusebius		https://en.wikipedia.org/wiki/Pope_Eusebius		
32	St. Miltiades		https://en.wikipedia.org/wiki/Pope_Miltiades		
33	St. Sylvester I		https://en.wikipedia.org/wiki/Pope_Sylvester_I		
34	St. Marcus		https://en.wikipedia.org/wiki/Pope_Mark		
35	St. Julius I		https://en.wikipedia.org/wiki/Pope_Julius_I		
36	Liberius		https://en.wikipedia.org/wiki/Pope_Liberius		
37	St. Damasus I		https://en.wikipedia.org/wiki/Pope_Damasus_I		
38	St. Siricius		https://en.wikipedia.org/wiki/Pope_Siricius		
39	St. Anastasius I		https://en.wikipedia.org/wiki/Pope_Anastasius_I		
40	St. Innocent I		https://en.wikipedia.org/wiki/Pope_Innocent_I		
41	St. Zosimus		https://en.wikipedia.org/wiki/Pope_Zosimus		
42	St. Boniface I		https://en.wikipedia.org/wiki/Pope_Boniface_I		
43	St. Celestine I		https://en.wikipedia.org/wiki/Pope_Celestine_I		
44	St. Sixtus III		https://en.wikipedia.org/wiki/Pope_Sixtus_III		
45	St. Leo I		https://en.wikipedia.org/wiki/Pope_Leo_I	the Great	
46	St. Hilarius		https://en.wikipedia.org/wiki/Pope_Hilarius		
47	St. Simplicius		https://en.wikipedia.org/wiki/Pope_Simplicius		
48	St. Felix III (II)		https://en.wikipedia.org/wiki/Pope_Felix_III		
49	St. Gelasius I		https://en.wikipedia.org/wiki/Pope_Gelasius_I		
50	Anastasius II		https://en.wikipedia.org/wiki/Pope_Anastasius_II		
51	St. Symmachus		https://en.wikipedia.org/wiki/Pope_Symmachus		
52	St. Hormisdas		https://en.wikipedia.org/wiki/Pope_Hormisdas		
53	St. John I		https://en.wikipedia.org/wiki/Pope_John_I		
54	St. Felix IV (III)		https://en.wikipedia.org/wiki/Pope_Felix_IV		
55	Boniface II		https://en.wikipedia.org/wiki/Pope_Boniface_II		
56	John II		https://en.wikipedia.org/wiki/Pope_John_II		
57	St. Agapetus I		https://en.wikipedia.org/wiki/Pope_Agapetus_I		
58	St. Silverius		https://en.wikipedia.org/wiki/Pope_Silverius		
59	Vigilius		https://en.wikipedia.org/wiki/Pope_Vigilius		
60	Pelagius I		https://en.wikipedia.org/wiki/Pope_Pelagius_I		
61	John III		https://en.wikipedia.org/wiki/Pope_John_III		
62	Benedict I		https://en.wikipedia.org/wiki/Pope_Benedict_I		
63	Pelagius II		https://en.wikipedia.org/wiki/Pope_Pelagius_II		
64	St. Gregory I		https://en.wikipedia.org/wiki/Pope_Gregory_I	the Great	
65	Sabinian		https://en.wikipedia.org/wiki/Pope_Sabinian		
66	Boniface III		https://en.wikipedia.org/wiki/Pope_Boniface_III		
67	St. Boniface IV		https://en.wikipedia.org/wiki/Pope_Boniface_IV		
68	St. Deusdedit (Adeodatus I)		https://en.wikipedia.org/wiki/Pope_Deusdedit		
69	Boniface V		https://en.wikipedia.org/wiki/Pope_Boniface_V		
70	Honorius I		https://en.wikipedia.org/wiki/Pope_Honorius_I		
71	Severinus		https://en.wikipedia.org/wiki/Pope_Severinus		
72	John IV		https://en.wikipedia.org/wiki/Pope_John_IV		
73	Theodore I		https://en.wikipedia.org/wiki/Pope_Theodore_I		
74	St. Martin I		https://en.wikipedia.org/wiki/Pope_Martin_I		
75	St. Eugene I		https://en.wikipedia.org/wiki/Pope_Eugene_I		
76	St. Vitalian		https://en.wikipedia.org/wiki/Pope_Vitalian		
77	Adeodatus (II)		https://en.wikipedia.org/wiki/Pope_Adeodatus_II		
78	Donus		https://en.wikipedia.org/wiki/Pope_Donus		
79	St. Agatho		https://en.wikipedia.org/wiki/Pope_Agatho		
80	St. Leo II		https://en.wikipedia.org/wiki/Pope_Leo_II		
81	St. Benedict II		https://en.wikipedia.org/wiki/Pope_Benedict_II		
82	John V		https://en.wikipedia.org/wiki/Pope_John_V		
83	Conon		https://en.wikipedia.org/wiki/Pope_Conon		
84	St. Sergius I		https://en.wikipedia.org/wiki/Pope_Sergius_I		
85	John VI		https://en.wikipedia.org/wiki/Pope_John_VI		
86	John VII		https://en.wikipedia.org/wiki/Pope_John_VII		
87	Sisinnius		https://en.wikipedia.org/wiki/Pope_Sisinnius		
88	Constantine		https://en.wikipedia.org/wiki/Pope_Constantine		
89	St. Gregory II		https://en.wikipedia.org/wiki/Pope_Gregory_II		
90	St. Gregory III		https://en.wikipedia.org/wiki/Pope_Gregory_III		
91	St. Zachary		https://en.wikipedia.org/wiki/Pope_Zachary		
92	Stephen II (III)		https://en.wikipedia.org/wiki/Pope_Stephen_II		
93	St. Paul I		https://en.wikipedia.org/wiki/Pope_Paul_I		
94	Stephen III (IV)		https://en.wikipedia.org/wiki/Pope_Stephen_III		
95	Adrian I		https://en.wikipedia.org/wiki/Pope_Adrian_I		
96	St. Leo III		https://en.wikipedia.org/wiki/Pope_Leo_III		
97	Stephen IV (V)		https://en.wikipedia.org/wiki/Pope_Stephen_IV		
98	St. Paschal I		https://en.wikipedia.org/wiki/Pope_Paschal_I		
99	Eugene II		https://en.wikipedia.org/wiki/Pope_Eugene_II		
100	Valentine		https://en.wikipedia.org/wiki/Pope_Valentine		
101	Gregory IV		https://en.wikipedia.org/wiki/Pope_Gregory_IV		
102	Sergius II 		https://en.wikipedia.org/wiki/Pope_Sergius_II		
103	St. Leo IV		https://en.wikipedia.org/wiki/Pope_Leo_IV		
104	Benedict III 		https://en.wikipedia.org/wiki/Pope_Benedict_III		
105	St. Nicholas I		https://en.wikipedia.org/wiki/Pope_Nicholas_I	the Great	
106	Adrian II		https://en.wikipedia.org/wiki/Pope_Adrian_II		
107	John VIII		https://en.wikipedia.org/wiki/Pope_John_VIII		
108	Marinus I		https://en.wikipedia.org/wiki/Pope_Marinus_I		
109	St. Adrian III		https://en.wikipedia.org/wiki/Pope_Adrian_III		
110	Stephen V (VI)		https://en.wikipedia.org/wiki/Pope_Stephen_V		
111	Formosus		https://en.wikipedia.org/wiki/Pope_Formosus		
112	Boniface VI		https://en.wikipedia.org/wiki/Pope_Boniface_VI		
113	Stephen VI (VII)		https://en.wikipedia.org/wiki/Pope_Stephen_VI		
114	Romanus		https://en.wikipedia.org/wiki/Pope_Romanus		
115	Theodore II		https://en.wikipedia.org/wiki/Pope_Theodore_II		
116	John IX		https://en.wikipedia.org/wiki/Pope_John_IX		
117	Benedict IV		https://en.wikipedia.org/wiki/Pope_Benedict_IV		
118	Leo V 		https://en.wikipedia.org/wiki/Pope_Leo_V		
119	Sergius III		https://en.wikipedia.org/wiki/Pope_Sergius_III		
120	Anastasius III		https://en.wikipedia.org/wiki/Pope_Anastasius_III		
121	Lando		https://en.wikipedia.org/wiki/Pope_Lando		
122	John X		https://en.wikipedia.org/wiki/Pope_John_X		
123	Leo VI		https://en.wikipedia.org/wiki/Pope_Leo_VI		
124	Stephen VIII		https://en.wikipedia.org/wiki/Pope_Stephen_VII		
125	John XI		https://en.wikipedia.org/wiki/Pope_John_XI		
126	Leo VII		https://en.wikipedia.org/wiki/Pope_Leo_VII		
127	Stephen IX		https://en.wikipedia.org/wiki/Pope_Stephen_VIII		
128	Marinus II		https://en.wikipedia.org/wiki/Pope_Marinus_II		
129	Agapetus II		https://en.wikipedia.org/wiki/Pope_Agapetus_II		
130	John XII		https://en.wikipedia.org/wiki/Pope_John_XII		
131	Leo VIII		https://en.wikipedia.org/wiki/Pope_Leo_VIII		
132	Benedict V		https://en.wikipedia.org/wiki/Pope_Benedict_V		
133	John XIII		https://en.wikipedia.org/wiki/Pope_John_XIII		
134	Benedict VI		https://en.wikipedia.org/wiki/Pope_Benedict_VI		
135	Benedict VII 		https://en.wikipedia.org/wiki/Pope_Benedict_VII		
136	John XIV	Pietro Canepanova	https://en.wikipedia.org/wiki/Pope_John_XIV		
137	John XV		https://en.wikipedia.org/wiki/Pope_John_XV		
138	Gregory V 	Bruno of Carinthia	https://en.wikipedia.org/wiki/Pope_Gregory_V		
139	Sylvester II	Gerbert of Aurillac	https://en.wikipedia.org/wiki/Pope_Sylvester_II		
140	John XVII	Giovanni Sicco	https://en.wikipedia.org/wiki/Pope_John_XVII		
141	John XVIII	Giovanni Fasano	https://en.wikipedia.org/wiki/Pope_John_XVIII		
142	Sergius IV	Pietro Martino Boccadiporco O.S.B.	https://en.wikipedia.org/wiki/Pope_Sergius_IV		
143	Benedict VIII	Teofilatto di Tuscolo	https://en.wikipedia.org/wiki/Pope_Benedict_VIII		
144	John XIX	Romano di Tuscolo	https://en.wikipedia.org/wiki/Pope_John_XIX		
145	Benedict IX	Teofilatto di Tuscolo	https://en.wikipedia.org/wiki/Pope_Benedict_IX		
146	Sylvester III	Giovanni dei Crescenzi Ottaviani	https://en.wikipedia.org/wiki/Pope_Sylvester_III		
147	Gregory VI	Giovanni Graziano Pierleoni	https://en.wikipedia.org/wiki/Pope_Gregory_VI		
148	Clement II	Suidger von Morsleben-Hornburg	https://en.wikipedia.org/wiki/Pope_Clement_II		
149	Damasus II	Poppo de Curagnoni	https://en.wikipedia.org/wiki/Pope_Damasus_II		
150	St. Leo IX	Bruno von Egisheim-Dagsburg	https://en.wikipedia.org/wiki/Pope_Leo_IX		
151	Victor II	Gebhard II von Calw-Dollnstein-Hirschberg	https://en.wikipedia.org/wiki/Pope_Victor_II		
152	Stephen X	Frederich O.S.B.	https://en.wikipedia.org/wiki/Pope_Stephen_IX		
153	Nicholas II 	Gerald de Bourgogne	https://en.wikipedia.org/wiki/Pope_Nicholas_II		
154	Alexander II 	Anselmo da Baggio	https://en.wikipedia.org/wiki/Pope_Alexander_II		
155	St. Gregory VII	Ildebrando Aldobrandeschi di Soana O.S.B.	https://en.wikipedia.org/wiki/Pope_Gregory_VII		
156	Blessed Victor III	Dauferio Epifani Del Zotto O.S.B.	https://en.wikipedia.org/wiki/Pope_Victor_III		
157	Blessed Urban II	Odon de Lagery O.S.B.	https://en.wikipedia.org/wiki/Pope_Urban_II		
158	Paschal II 	Rainero Ranieri O.S.B.	https://en.wikipedia.org/wiki/Pope_Paschal_II		
159	Gelasius II 	Giovanni Caetani O.S.B.	https://en.wikipedia.org/wiki/Pope_Gelasius_II		
160	Callistus II	Guy	https://en.wikipedia.org/wiki/Pope_Callixtus_II		
161	Honorius II 	Lamberto Scannabecchi da Fiagnano Can.Reg.	https://en.wikipedia.org/wiki/Pope_Honorius_II		
162	Innocent II 	Gregorio Papareschi Can.Reg.	https://en.wikipedia.org/wiki/Pope_Innocent_II		
163	Celestine II	Guido Guelfuccio de Castello	https://en.wikipedia.org/wiki/Pope_Celestine_II		
164	Lucius II	Gherardo Caccianemici dall'Orso Can.Reg.	https://en.wikipedia.org/wiki/Pope_Lucius_II		
165	Blessed Eugene III	Pietro dei Paganelli di Montemagno O.Cist.	https://en.wikipedia.org/wiki/Pope_Eugene_III		
166	Anastasius IV	Corrado Demitri della Suburra	https://en.wikipedia.org/wiki/Pope_Anastasius_IV		
167	Adrian IV	Nicholas Breakspear Can.Reg.	https://en.wikipedia.org/wiki/Pope_Adrian_IV		
168	Alexander III 	Rolando Bandinelli	https://en.wikipedia.org/wiki/Pope_Alexander_III		
169	Lucius III	Ubaldo Allucignoli	https://en.wikipedia.org/wiki/Pope_Lucius_III		
170	Urban III	Uberto Crivelli	https://en.wikipedia.org/wiki/Pope_Urban_III		
171	Gregory VIII	Alberto de Morra Can.Reg.	https://en.wikipedia.org/wiki/Pope_Gregory_VIII		
172	Clement III	Paolo Scolari	https://en.wikipedia.org/wiki/Pope_Clement_III		
173	Celestine III	Giacinto Bobone Orsini	https://en.wikipedia.org/wiki/Pope_Celestine_III		
174	Innocent III	Lotario dei Conti di Segni	https://en.wikipedia.org/wiki/Pope_Innocent_III		
175	Honorius III	Cencio Savelli	https://en.wikipedia.org/wiki/Pope_Honorius_III		
176	Gregory IX	Ugolino dei Conti di Segni, O.F.S	https://en.wikipedia.org/wiki/Pope_Gregory_IX		
177	Celestine IV	Goffredo Castiglioni	https://en.wikipedia.org/wiki/Pope_Celestine_IV		
178	Innocent IV	Sinibaldo Fieschi	https://en.wikipedia.org/wiki/Pope_Innocent_IV		
179	Alexander IV	Rinaldo dei Conti di Jenne	https://en.wikipedia.org/wiki/Pope_Alexander_IV		
180	Urban IV	Jacques Pantaléon	https://en.wikipedia.org/wiki/Pope_Urban_IV		
181	Clement IV	Gui Faucoi	https://en.wikipedia.org/wiki/Pope_Clement_IV		
182	Blessed Gregory X	Tebaldo Visconti, O.F.S	https://en.wikipedia.org/wiki/Pope_Gregory_X		
183	Blessed Innocent V	Pierre de Tarentaise, O.P.	https://en.wikipedia.org/wiki/Pope_Innocent_V		
184	Adrian V	Ottobuono Fieschi	https://en.wikipedia.org/wiki/Pope_Adrian_V		
185	John XXI	Pedro Julião (a.k.a. Petrus Hispanus and Pedro Hispano)	https://en.wikipedia.org/wiki/Pope_John_XXI		
186	Nicholas III	Giovanni Gaetano Orsini	https://en.wikipedia.org/wiki/Pope_Nicholas_III		
187	Martin IV	Simon de Brion	https://en.wikipedia.org/wiki/Pope_Martin_IV		
188	Honorius IV	Giacomo Savelli	https://en.wikipedia.org/wiki/Pope_Honorius_IV		
189	Nicholas IV	Girolamo Masci, O.F.M.	https://en.wikipedia.org/wiki/Pope_Nicholas_IV		
190	St. Celestine V	Pietro Angelerio, O.S.B.	https://en.wikipedia.org/wiki/Pope_Celestine_V	the Hermit	
191	Boniface VIII	Benedetto Caetani	https://en.wikipedia.org/wiki/Pope_Boniface_VIII		
192	Blessed Benedict XI	Niccolò Boccasini, O.P.	https://en.wikipedia.org/wiki/Pope_Benedict_XI		
193	Clement V	Raymond Bertrand de Gouth	https://en.wikipedia.org/wiki/Pope_Clement_V		
194	John XXII 	Jacques d'Euse; Jacques Duèse	https://en.wikipedia.org/wiki/Pope_John_XXII		
195	Benedict XII	Jacques Fournier, O.Cist.	https://en.wikipedia.org/wiki/Pope_Benedict_XII		
196	Clement VI	Pierre Roger, O.S.B.	https://en.wikipedia.org/wiki/Pope_Clement_VI		
197	Innocent VI	Étienne Aubert	https://en.wikipedia.org/wiki/Pope_Innocent_VI		
198	Blessed Urban V	Guillaume (de) Grimoard, O.S.B.	https://en.wikipedia.org/wiki/Pope_Urban_V		
199	Gregory XI	Pierre Roger de Beaufort	https://en.wikipedia.org/wiki/Pope_Gregory_XI		
200	Urban VI 	Bartolomeo Prignano	https://en.wikipedia.org/wiki/Pope_Urban_VI		
201	Boniface IX 	Pietro Tomacelli Cybo	https://en.wikipedia.org/wiki/Pope_Boniface_IX		
202	Innocent VII 	Cosimo Gentile Migliorati	https://en.wikipedia.org/wiki/Pope_Innocent_VII		
203	Gregory XII 	Angelo Correr	https://en.wikipedia.org/wiki/Pope_Gregory_XII		
204	Martin V	Oddone Colonna, O.F.S	https://en.wikipedia.org/wiki/Pope_Martin_V		
205	Eugene IV 	Gabriele Condulmer, O.S.A.	https://en.wikipedia.org/wiki/Pope_Eugene_IV		
206	Nicholas V	Tommaso Parentucelli	https://en.wikipedia.org/wiki/Pope_Nicholas_V		
207	Callistus III	Alfonso de Borja	https://en.wikipedia.org/wiki/Pope_Callixtus_III		
208	Pius II	Enea Silvio Piccolomini	https://en.wikipedia.org/wiki/Pope_Pius_II		
209	Paul II	Pietro Barbo	https://en.wikipedia.org/wiki/Pope_Paul_II		
210	Sixtus IV	Francesco della Rovere, O.F.M.	https://en.wikipedia.org/wiki/Pope_Sixtus_IV		
211	Innocent VIII	Giovanni Battista Cybo	https://en.wikipedia.org/wiki/Pope_Innocent_VIII		
212	Alexander VI	Roderic Llançol i de Borja	https://en.wikipedia.org/wiki/Pope_Alexander_VI		
213	Pius III	Francesco Todeschini Piccolomini	https://en.wikipedia.org/wiki/Pope_Pius_III		
214	Julius II	Giuliano della Rovere, O.F.M.	https://en.wikipedia.org/wiki/Pope_Julius_II	the Warrior Pope	
215	Leo X	Giovanni di Lorenzo de' Medici	https://en.wikipedia.org/wiki/Pope_Leo_X		
216	Adrian VI	Adriaan Floriszoon Boeyens	https://en.wikipedia.org/wiki/Pope_Adrian_VI		
217	Clement VII	Giulio di Giuliano de' Medici	https://en.wikipedia.org/wiki/Pope_Clement_VII		
218	Paul III	Alessandro Farnese	https://en.wikipedia.org/wiki/Pope_Paul_III		
219	Julius III	Giovanni Maria Ciocchi del Monte	https://en.wikipedia.org/wiki/Pope_Julius_III		
220	Marcellus II	Marcello Cervini degli Spannochi	https://en.wikipedia.org/wiki/Pope_Marcellus_II		
221	Paul IV	Giovanni Pietro Carafa, C.R.	https://en.wikipedia.org/wiki/Pope_Paul_IV		
222	Pius IV	Giovanni Angelo Medici	https://en.wikipedia.org/wiki/Pope_Pius_IV		
223	St. Pius V	Antonio Ghislieri, O.P.	https://en.wikipedia.org/wiki/Pope_Pius_V		
224	Gregory XIII	Ugo Boncompagni	https://en.wikipedia.org/wiki/Pope_Gregory_XIII		
225	Sixtus V	Felice Peretti di Montalto, O.F.M. Conv.	https://en.wikipedia.org/wiki/Pope_Sixtus_V		
226	Urban VII	Giovanni Battista Castagna	https://en.wikipedia.org/wiki/Pope_Urban_VII		
227	Gregory XIV	Niccolò Sfondrati	https://en.wikipedia.org/wiki/Pope_Gregory_XIV		
228	Innocent IX	Giovanni Antonio Facchinetti	https://en.wikipedia.org/wiki/Pope_Innocent_IX		
229	Clement VIII	Ippolito Aldobrandini	https://en.wikipedia.org/wiki/Pope_Clement_VIII		
230	Leo XI	Alessandro Ottaviano de' Medici	https://en.wikipedia.org/wiki/Pope_Leo_XI		
231	Paul V	Camillo Borghese	https://en.wikipedia.org/wiki/Pope_Paul_V		
232	Gregory XV	Alessandro Ludovisi	https://en.wikipedia.org/wiki/Pope_Gregory_XV		
233	Urban VIII	Maffeo Barberini	https://en.wikipedia.org/wiki/Pope_Urban_VIII		
234	Innocent X	Giovanni Battista Pamphilj	https://en.wikipedia.org/wiki/Pope_Innocent_X		
235	Alexander VII	Fabio Chigi	https://en.wikipedia.org/wiki/Pope_Alexander_VII		
236	Clement IX	Giulio Rospigliosi	https://en.wikipedia.org/wiki/Pope_Clement_IX		
237	Clement X	Emilio Bonaventura Altieri	https://en.wikipedia.org/wiki/Pope_Clement_X		
238	Blessed Innocent XI	Benedetto Odescalchi	https://en.wikipedia.org/wiki/Pope_Innocent_XI		
239	Alexander VIII	Pietro Vito Ottoboni	https://en.wikipedia.org/wiki/Pope_Alexander_VIII		
240	Innocent XII	Antonio Pignatelli, O.F.S	https://en.wikipedia.org/wiki/Pope_Innocent_XII		
241	Clement XI	Giovanni Francesco Albani	https://en.wikipedia.org/wiki/Pope_Clement_XI		
242	Innocent XIII	Michelangelo dei Conti	https://en.wikipedia.org/wiki/Pope_Innocent_XIII		
243	Benedict XIII	Pietro Francesco Orsini, O.P.	https://en.wikipedia.org/wiki/Pope_Benedict_XIII		
244	Clement XII	Lorenzo Corsini, O.F.S	https://en.wikipedia.org/wiki/Pope_Clement_XII		
245	Benedict XIV	Prospero Lorenzo Lambertini	https://en.wikipedia.org/wiki/Pope_Benedict_XIV		
246	Clement XIII	Carlo della Torre di Rezzonico	https://en.wikipedia.org/wiki/Pope_Clement_XIII		
247	Clement XIV	Giovanni Vincenzo Antonio Ganganelli, O.F.M. Conv.	https://en.wikipedia.org/wiki/Pope_Clement_XIV		
248	Pius VI	Count Giovanni Angelo Braschi	https://en.wikipedia.org/wiki/Pope_Pius_VI		
249	Pius VII	Count Barnaba Niccolò Maria Luigi Chiaramonti, O.S.B.	https://en.wikipedia.org/wiki/Pope_Pius_VII		
250	Leo XII	Count Annibale Francesco Clemente Melchiore Girolamo Nicola Sermattei della Genga	https://en.wikipedia.org/wiki/Pope_Leo_XII		
251	Pius VIII	Francesco Saverio Castiglioni	https://en.wikipedia.org/wiki/Pope_Pius_VIII		
252	Gregory XVI	Bartolomeo Alberto Cappellari, O.S.B. Cam.	https://en.wikipedia.org/wiki/Pope_Gregory_XVI		
253	Blessed Pius IX	Count Giovanni Maria Mastai-Ferretti, O.F.S.	https://en.wikipedia.org/wiki/Pope_Pius_IX		
254	Leo XIII	Gioacchino Vincenzo Raffaele Luigi Pecci, O.F.S.	https://en.wikipedia.org/wiki/Pope_Leo_XIII		
255	St. Pius X	Giuseppe Melchiorre Sarto	https://en.wikipedia.org/wiki/Pope_Pius_X		
256	Benedict XV	Giacomo Paolo Giovanni Battista Della Chiesa	https://en.wikipedia.org/wiki/Pope_Benedict_XV		
257	Pius XI	Achille Ambrogio Damiano Ratti	https://en.wikipedia.org/wiki/Pope_Pius_XI		
258	Pius XII	Eugenio Maria Giuseppe Giovanni Pacelli	https://en.wikipedia.org/wiki/Pope_Pius_XII		
259	St. John XXIII	Angelo Giuseppe Roncalli	https://en.wikipedia.org/wiki/Pope_John_XXIII		
260	Paul VI	Giovanni Battista Enrico Antonio Maria Montini	https://en.wikipedia.org/wiki/Pope_Paul_VI		
261	John Paul I	Albino Luciani	https://en.wikipedia.org/wiki/Pope_John_Paul_I		
262	St. John Paul II	Karol Józef Wojtyła	https://en.wikipedia.org/wiki/Pope_John_Paul_II		
263	Benedict XVI	Joseph Aloisius Ratzinger	https://en.wikipedia.org/wiki/Pope_Benedict_XVI		
264	Francis	Jorge Mario Bergoglio, S.J.	https://en.wikipedia.org/wiki/Pope_Francis		
265	Egbert	House of Wessex	https://en.wikipedia.org/wiki/Egbert_of_Wessex		
266	Aethelwulf	House of Wessex	https://en.wikipedia.org/wiki/%C3%86thelwulf		
267	Aethelbald	House of Wessex	https://en.wikipedia.org/wiki/%C3%86thelbald,_King_of_Wessex		
268	Aethelberht	House of Wessex	https://en.wikipedia.org/wiki/%C3%86thelberht,_King_of_Wessex		
269	Aethelred I	House of Wessex	https://en.wikipedia.org/wiki/%C3%86thelred_I_of_Wessex		
270	Alfred the Great	House of Wessex	https://en.wikipedia.org/wiki/Alfred_the_Great	the Great	
271	Edward the Elder	House of Wessex	https://en.wikipedia.org/wiki/Edward_the_Elder	the Elder	
272	Athelstan	House of Wessex	https://en.wikipedia.org/wiki/%C3%86thelstan		
273	Edmund I	House of Wessex	https://en.wikipedia.org/wiki/Edmund_I	the Magnificent	
274	Eadred	House of Wessex	https://en.wikipedia.org/wiki/Eadred		
275	Eadwig	House of Wessex	https://en.wikipedia.org/wiki/Eadwig		
276	Edgar	House of Wessex	https://en.wikipedia.org/wiki/Edgar_the_Peaceful	the Peaceful	
277	Edward the Martyr	House of Wessex	https://en.wikipedia.org/wiki/Edward_the_Martyr		
278	Ethelred II the Unready	House of Wessex	https://en.wikipedia.org/wiki/%C3%86thelred_the_Unready	the Unready	
279	Sweyn Forkbeard	House of Denmark	https://en.wikipedia.org/wiki/Sweyn_Forkbeard		
280	Edmund II Ironside	House of Wessex	https://en.wikipedia.org/wiki/Edmund_Ironside	Edmund Ironside	
281	Canute	House of Denmark	https://en.wikipedia.org/wiki/Cnut_the_Great		
282	Harold I Harefoot	House of Denmark	https://en.wikipedia.org/wiki/Harold_Harefoot	Harefoot	
283	Hardecanute	House of Denmark	https://en.wikipedia.org/wiki/Harthacnut		
284	Edward the Confessor	House of Wessex	https://en.wikipedia.org/wiki/Edward_the_Confessor	the Confessor	
285	Harold II	House of Godwin	https://en.wikipedia.org/wiki/Harold_Godwinson		
286	William I the Conqueror	House of Normandy	https://en.wikipedia.org/wiki/William_the_Conqueror	the Conqueror	
287	William II	House of Normandy	https://en.wikipedia.org/wiki/William_II_of_England	William Rufus	
288	Henry I of England	House of Normandy	https://en.wikipedia.org/wiki/Henry_I_of_England	Henry Beauclerc	
289	Stephen	House of Blois	https://en.wikipedia.org/wiki/Stephen,_King_of_England		
290	Henry II Plantagenet	House of Plantagenet	https://en.wikipedia.org/wiki/Henry_II_of_England	Henry Curtmantle	
291	Richard I	House of Plantagenet	https://en.wikipedia.org/wiki/Richard_I_of_England	the Lionheart	
292	John	House of Plantagenet	https://en.wikipedia.org/wiki/John,_King_of_England	John Lackland	
293	Henry III	House of Plantagenet	https://en.wikipedia.org/wiki/Henry_III_of_England		
294	Edward I	House of Plantagenet	https://en.wikipedia.org/wiki/Edward_I_of_England	Edward Longshanks	
295	Edward II	House of Plantagenet	https://en.wikipedia.org/wiki/Edward_II_of_England		
296	Edward III	House of Plantagenet	https://en.wikipedia.org/wiki/Edward_III_of_England		
297	Richard II	House of Plantagenet	https://en.wikipedia.org/wiki/Richard_II_of_England		
298	Henry IV	House of Lancaster	https://en.wikipedia.org/wiki/Henry_IV_of_England		
299	Henry V	House of Lancaster	https://en.wikipedia.org/wiki/Henry_V_of_England		
300	Henry VI	House of Lancaster	https://en.wikipedia.org/wiki/Henry_VI_of_England		
301	Edward IV	House of York	https://en.wikipedia.org/wiki/Edward_IV_of_England		
302	Edward V	House of York	https://en.wikipedia.org/wiki/Edward_V_of_England		
303	Richard III	House of York	https://en.wikipedia.org/wiki/Richard_III_of_England		
304	Henry VII	House of Tudor	https://en.wikipedia.org/wiki/Henry_VII_of_England		
305	Henry VIII	House of Tudor	https://en.wikipedia.org/wiki/Henry_VIII_of_England		
306	Edward VI	House of Tudor	https://en.wikipedia.org/wiki/Edward_VI_of_England		
307	Mary I	House of Tudor	https://en.wikipedia.org/wiki/Mary_I_of_England	Bloody Mary	
308	Elizabeth I	House of Tudor	https://en.wikipedia.org/wiki/Elizabeth_I_of_England	The Virgin Queen	
309	James I	House of Stuart	https://en.wikipedia.org/wiki/James_VI_and_I		
310	Charles I	Stuart	https://en.wikipedia.org/wiki/Charles_I_of_England		
311	Charles II	Stuart	https://en.wikipedia.org/wiki/Charles_II_of_England	The Merry Monarch	
312	James II	Stuart	https://en.wikipedia.org/wiki/James_II_of_England		
313	William III and Mary II	Stuart	https://en.wikipedia.org/wiki/William_III_of_England		
314	Anne	Stuart	https://en.wikipedia.org/wiki/Anne,_Queen_of_Great_Britain		
315	George I	Hanover	https://en.wikipedia.org/wiki/George_I_of_Great_Britain		
316	George II	Hanover	https://en.wikipedia.org/wiki/George_II_of_Great_Britain		
317	George III	Hanover	https://en.wikipedia.org/wiki/George_III_of_the_United_Kingdom	Mad King George	
318	George IV	Hanover	https://en.wikipedia.org/wiki/George_IV_of_the_United_Kingdom		
319	William IV	Hanover	https://en.wikipedia.org/wiki/William_IV_of_the_United_Kingdom		
320	Victoria	Hanover	https://en.wikipedia.org/wiki/Queen_Victoria		
321	Edward VII	House of Saxe-Coburg and Gotha	https://en.wikipedia.org/wiki/Edward_VII		
322	George V	Windsor	https://en.wikipedia.org/wiki/George_V		
323	Edward VIII	Windsor	https://en.wikipedia.org/wiki/Edward_VIII		
324	George VI	Windsor	https://en.wikipedia.org/wiki/George_VI		
325	Elizabeth II	Windsor	https://en.wikipedia.org/wiki/Elizabeth_II		
326	Charles III	Windsor	https://en.wikipedia.org/wiki/Charles_III		
327	George Washington		https://en.wikipedia.org/wiki/George_Washington		
328	John Adams		https://en.wikipedia.org/wiki/John_Adams		
329	Thomas Jefferson		https://en.wikipedia.org/wiki/Thomas_Jefferson		
330	James Madison		https://en.wikipedia.org/wiki/James_Madison		
331	James Monroe		https://en.wikipedia.org/wiki/James_Monroe		
332	John Quincy Adams		https://en.wikipedia.org/wiki/John_Quincy_Adams		
333	Andrew Jackson		https://en.wikipedia.org/wiki/Andrew_Jackson		
334	Martin Van Buren		https://en.wikipedia.org/wiki/Martin_Van_Buren		
335	William Henry Harrison		https://en.wikipedia.org/wiki/William_Henry_Harrison		
336	John Tyler		https://en.wikipedia.org/wiki/John_Tyler		
337	James K. Polk		https://en.wikipedia.org/wiki/James_K._Polk		
338	Zachary Taylor		https://en.wikipedia.org/wiki/Zachary_Taylor		
339	Millard Fillmore		https://en.wikipedia.org/wiki/Millard_Fillmore		
340	Franklin Pierce		https://en.wikipedia.org/wiki/Franklin_Pierce		
341	James Buchanan		https://en.wikipedia.org/wiki/James_Buchanan		
342	Abraham Lincoln		https://en.wikipedia.org/wiki/Abraham_Lincoln		
343	Andrew Johnson		https://en.wikipedia.org/wiki/Andrew_Johnson		
344	Ulysses S. Grant		https://en.wikipedia.org/wiki/Ulysses_S._Grant		
345	Rutherford Birchard Hayes		https://en.wikipedia.org/wiki/Rutherford_B._Hayes		
346	James A. Garfield		https://en.wikipedia.org/wiki/James_A._Garfield		
347	Chester A. Arthur		https://en.wikipedia.org/wiki/Chester_A._Arthur		
348	Grover Cleveland		https://en.wikipedia.org/wiki/Grover_Cleveland		
349	Benjamin Harrison		https://en.wikipedia.org/wiki/Benjamin_Harrison		
350	William McKinley		https://en.wikipedia.org/wiki/William_McKinley		
351	Theodore Roosevelt		https://en.wikipedia.org/wiki/Theodore_Roosevelt		
352	William H. Taft		https://en.wikipedia.org/wiki/William_Howard_Taft		
353	Woodrow Wilson		https://en.wikipedia.org/wiki/Woodrow_Wilson		
354	Warren G. Harding		https://en.wikipedia.org/wiki/Warren_G._Harding		
355	Calvin Coolidge		https://en.wikipedia.org/wiki/Calvin_Coolidge		
356	Herbert Hoover 		https://en.wikipedia.org/wiki/Herbert_Hoover		
357	Franklin D. Roosevelt 		https://en.wikipedia.org/wiki/Franklin_D._Roosevelt		
358	Harry S. Truman		https://en.wikipedia.org/wiki/Harry_S._Truman		
359	Dwight D. Eisenhower 		https://en.wikipedia.org/wiki/Dwight_D._Eisenhower		
360	John F. Kennedy		https://en.wikipedia.org/wiki/John_F._Kennedy		
361	Lyndon B. Johnson		https://en.wikipedia.org/wiki/Lyndon_B._Johnson		
362	Richard M. Nixon 		https://en.wikipedia.org/wiki/Richard_Nixon		
363	Gerald R. Ford 		https://en.wikipedia.org/wiki/Gerald_Ford		
364	Jimmy Carter 		https://en.wikipedia.org/wiki/Jimmy_Carter		
365	Ronald Reagan 		https://en.wikipedia.org/wiki/Ronald_Reagan		
366	George Bush 		https://en.wikipedia.org/wiki/George_H._W._Bush		
367	Bill Clinton 		https://en.wikipedia.org/wiki/Bill_Clinton		
368	George W. Bush 		https://en.wikipedia.org/wiki/George_W._Bush		
369	Barack Obama 		https://en.wikipedia.org/wiki/Barack_Obama		
370	Donald J. Trump 		https://en.wikipedia.org/wiki/Donald_Trump		
371	Joseph R. Biden 		https://en.wikipedia.org/wiki/Joe_Biden		
372	Robert Walpole	Whig	https://en.wikipedia.org/wiki/Robert_Walpole		
373	Spencer Compton	Whig	https://en.wikipedia.org/wiki/Spencer_Compton,_1st_Earl_of_Wilmington		
374	Henry Pelham	Whig	https://en.wikipedia.org/wiki/Henry_Pelham		
375	Thomas Pelham-Holles	Whig	https://en.wikipedia.org/wiki/Thomas_Pelham-Holles,_1st_Duke_of_Newcastle		
376	William Cavendish	Whig	https://en.wikipedia.org/wiki/William_Cavendish,_4th_Duke_of_Devonshire		
377	John Stuart	Tory	https://en.wikipedia.org/wiki/John_Stuart,_3rd_Earl_of_Bute		
378	George Grenville	Whig	https://en.wikipedia.org/wiki/George_Grenville		
379	Charles Watson Wentworth	Whig	https://en.wikipedia.org/wiki/Charles_Watson-Wentworth,_2nd_Marquess_of_Rockingham		
380	William Pitt, the Elder	Whig	https://en.wikipedia.org/wiki/William_Pitt,_1st_Earl_of_Chatham		
381	Augustus Henry Fitzroy	Whig	https://en.wikipedia.org/wiki/Augustus_FitzRoy,_3rd_Duke_of_Grafton		
382	Frederick North	Tory	https://en.wikipedia.org/wiki/Frederick_North,_Lord_North		
383	William Petty-Fitzmaurice	Whig	https://en.wikipedia.org/wiki/William_Petty,_2nd_Earl_of_Shelburne		
384	William Henry Cavendish-Bentinck	Tory	https://en.wikipedia.org/wiki/William_Cavendish-Bentinck,_3rd_Duke_of_Portland		
385	William Pitt, the Younger	Tory	https://en.wikipedia.org/wiki/William_Pitt_the_Younger		
386	Henry Addington	Tory	https://en.wikipedia.org/wiki/Henry_Addington		
387	William Wyndham Grenville	Whig	https://en.wikipedia.org/wiki/William_Grenville,_1st_Baron_Grenville		
388	Spencer Perceval	Tory	https://en.wikipedia.org/wiki/Spencer_Perceval		
389	Robert Banks Jenkinson	Tory	https://en.wikipedia.org/wiki/Robert_Jenkinson,_2nd_Earl_of_Liverpool		
390	George Canning	Tory	https://en.wikipedia.org/wiki/George_Canning		
391	Frederick John Robinson	Tory	https://en.wikipedia.org/wiki/Frederick_John_Robinson,_1st_Viscount_Goderich		
392	Arthur Wellesley	Tory	https://en.wikipedia.org/wiki/Arthur_Wellesley,_1st_Duke_of_Wellington		
393	Charles Grey	Whig	https://en.wikipedia.org/wiki/Charles_Grey,_2nd_Earl_Grey		
394	William Lamb	Whig	https://en.wikipedia.org/wiki/William_Lamb,_2nd_Viscount_Melbourne		
395	Robert Peel	Conservative	https://en.wikipedia.org/wiki/Robert_Peel		
396	John Russell	Whig/ Liberal	https://en.wikipedia.org/wiki/John_Russell,_1st_Earl_Russell		
397	Edward Geoffrey Stanley	Conservative	https://en.wikipedia.org/wiki/Edward_Smith-Stanley,_14th_Earl_of_Derby		
398	George Hamilton-Gordon	Tory, Conservative	https://en.wikipedia.org/wiki/George_Hamilton-Gordon,_4th_Earl_of_Aberdeen		
399	Henry John Temple	Liberal	https://en.wikipedia.org/wiki/Henry_John_Temple,_3rd_Viscount_Palmerston		
400	Benjamin Disraeli	Conservative	https://en.wikipedia.org/wiki/Benjamin_Disraeli		
401	William Ewart Gladstone	Liberal	https://en.wikipedia.org/wiki/William_Ewart_Gladstone		
402	Robert Cecil	Conservative	https://en.wikipedia.org/wiki/Robert_Gascoyne-Cecil,_3rd_Marquess_of_Salisbury		
403	Archibald Philip Primrose	Liberal	https://en.wikipedia.org/wiki/Archibald_Primrose,_5th_Earl_of_Rosebery		
435	Arthur James Balfour	Conservative	https://en.wikipedia.org/wiki/Arthur_Balfour		
404	Henry Campbell-Bannerman	Liberal	https://en.wikipedia.org/wiki/Henry_Campbell-Bannerman		
405	H.H. Asquith	Liberal	https://en.wikipedia.org/wiki/H._H._Asquith		
406	David Lloyd George	Liberal	https://en.wikipedia.org/wiki/David_Lloyd_George		
407	Andrew Bonar Law	Conservative	https://en.wikipedia.org/wiki/Andrew_Bonar_Law		
408	Stanley Baldwin	Conservative	https://en.wikipedia.org/wiki/Stanley_Baldwin		
409	Ramsay Macdonald	Labour	https://en.wikipedia.org/wiki/Ramsay_MacDonald		
410	Neville Chamberlain	Conservative	https://en.wikipedia.org/wiki/Neville_Chamberlain		
411	Winston Churchill	Conservative	https://en.wikipedia.org/wiki/Winston_Churchill		
412	Clement Attlee	Labour	https://en.wikipedia.org/wiki/Clement_Attlee		
413	Anthony Eden	Conservative	https://en.wikipedia.org/wiki/Anthony_Eden		
414	Harold Macmillan	Conservative	https://en.wikipedia.org/wiki/Harold_Macmillan		
415	Alec Douglas-Home	Conservative	https://en.wikipedia.org/wiki/Alec_Douglas-Home		
416	Harold Wilson	Labour	https://en.wikipedia.org/wiki/Harold_Wilson		
417	Edward Heath	Conservative	https://en.wikipedia.org/wiki/Edward_Heath		
418	James Callaghan	Labour	https://en.wikipedia.org/wiki/James_Callaghan		
419	Margaret Thatcher	Conservative	https://en.wikipedia.org/wiki/Margaret_Thatcher		
420	John Major	Conservative	https://en.wikipedia.org/wiki/John_Major		
421	Tony Blair	Labour	https://en.wikipedia.org/wiki/Tony_Blair		
422	Gordon Brown	Labour	https://en.wikipedia.org/wiki/Gordon_Brown		
423	David Cameron	Conservative	https://en.wikipedia.org/wiki/David_Cameron		
424	Theresa May	Conservative	https://en.wikipedia.org/wiki/Theresa_May		
425	Boris Johnson	Conservative	https://en.wikipedia.org/wiki/Boris_Johnson		
426	Liz Truss	Conservative	https://en.wikipedia.org/wiki/Liz_Truss		
427	Rishi Sunak	Conservative	https://en.wikipedia.org/wiki/Rishi_Sunak		
825	Clovis I	Merovingian	https://en.wikipedia.org/wiki/Clovis_I		
826	Chlothar I	Merovingian	https://en.wikipedia.org/wiki/Chlothar_I		
827	Chilperic I	Merovingian	https://en.wikipedia.org/wiki/Chilperic_I		
828	Chlothar II	Merovingian	https://en.wikipedia.org/wiki/Chlothar_II		
829	Dagobert I	Merovingian	https://en.wikipedia.org/wiki/Dagobert_I		
830	Childeric III	Merovingian	https://en.wikipedia.org/wiki/Childeric_III		
428	Pepin	Carolingian	https://en.wikipedia.org/wiki/Pippin_III	the Short	
429	Carloman	Carolingian	https://en.wikipedia.org/wiki/Carloman		
430	Charlemagne	Carolingian	https://en.wikipedia.org/wiki/Charlemagne		
431	Louis I	Carolingian	https://en.wikipedia.org/wiki/Louis_the_Pious	the Pious	
432	Lothair I	Carolingian	https://en.wikipedia.org/wiki/Lothair_I		
433	Louis II	Carolingian	https://www.wikiwand.com/en/articles/Louis_II_of_Italy	the German	
434	Charles II	Carolingian	https://en.wikipedia.org/wiki/Charles_the_Bald	the Bald	
436	Charles III	Carolingian	https://en.wikipedia.org/wiki/Charles_the_Fat	the Fat	
437	Louis II	Carolingian		the Stammerer	
438	Louis III (king of the West Franks)	Carolingian	https://en.wikipedia.org/wiki/Louis_III_of_France		
439	Carloman II	Carolingian	https://en.wikipedia.org/wiki/Carloman_II		
440	Arnulf	Carolingian	https://en.wikipedia.org/wiki/Arnulf_of_Carinthia		
441	Eudes	Carolingian			
442	Charles III	Carolingian	https://en.wikipedia.org/wiki/Charles_the_Simple	the Simple	
443	Louis IV	Carolingian	https://en.wikipedia.org/wiki/Louis_the_Child	the Child	
444	Robert I	Robertian	https://en.wikipedia.org/wiki/Robert_I_of_France		
445	Rudolf	Burgundian	https://en.wikipedia.org/wiki/Rudolph_of_France		
446	Louis IV d'Outremer	Carolingian	https://en.wikipedia.org/wiki/Louis_IV_of_France		
447	Lothar	Carolingian	https://en.wikipedia.org/wiki/Lothair_of_France		
448	Louis V	Carolingian	https://en.wikipedia.org/wiki/Louis_V_of_France		
449	Hugh Capet	Capet	https://en.wikipedia.org/wiki/Hugh_Capet		
450	Robert II	Capet	https://en.wikipedia.org/wiki/Robert_II_of_France	the Pious	
451	Henry I of France	Capet	https://en.wikipedia.org/wiki/Henry_I_of_France		
452	Philip I	Capet	https://en.wikipedia.org/wiki/Philip_I_of_France		
453	Louis VI	Capet	https://en.wikipedia.org/wiki/Louis_VI_of_France		
454	Louis VII	Capet	https://en.wikipedia.org/wiki/Louis_VII_of_France		
455	Philip II	Capet	https://en.wikipedia.org/wiki/Philip_II_of_France	Philippe Auguste	
456	Louis VIII	Capet	https://en.wikipedia.org/wiki/Louis_VIII_of_France		
457	Louis IX	Capet	https://en.wikipedia.org/wiki/Louis_IX_of_France	(St. Louis)	
458	Philip III	Capet	https://en.wikipedia.org/wiki/Philip_III_of_France	The Bold	
459	Philip IV	Capet	https://en.wikipedia.org/wiki/Philip_IV_of_France	The Fair	
460	Louis X	Capet	https://en.wikipedia.org/wiki/Louis_X_of_France	The Quarrelsome	
461	John I	Capet	https://en.wikipedia.org/wiki/John_I_of_France	the Posthumous	
462	Philip V	Capet	https://en.wikipedia.org/wiki/Philip_V_of_France	the Tall	
463	Charles IV of France	Capet	https://en.wikipedia.org/wiki/Charles_IV_of_France	the Fair	
464	Philip VI	Valois			
465	John II, the Good	Valois	https://en.wikipedia.org/wiki/John_II_the_Good		
466	Charles V of France	Valois	https://en.wikipedia.org/wiki/Charles_V_of_France		
467	Charles VI of France	Valois	https://en.wikipedia.org/wiki/Charles_VI_of_France		
468	Charles VII of France	Valois	https://en.wikipedia.org/wiki/Charles_VII_of_France		
469	Louis XI	Valois			
470	Charles VIII	Valois			
471	Louis XII	Valois-Orléans			
472	Francis I of France	Valois-Angoulême	https://en.wikipedia.org/wiki/Francis_I_of_France		
473	Henri II	Valois-Angoulême			
474	Francis II of France	Valois-Angoulême	https://en.wikipedia.org/wiki/Francis_II_of_France		
475	Charles IX	Valois-Angoulême			
476	Henri III	Valois-Angoulême			
477	Henri IV	Bourbon			
478	Louis XIII	Bourbon			
479	Louis XIV	Bourbon			
480	Louis XV	Bourbon			
481	Louis XVI	Bourbon			
482	Louis (XVII)	Bourbon			
487	National Convention				
488	Directory				
483	Consulate (Napoleon Bonaparte)	Bonaparte			
490	Napoleon I (Napoleon Bonaparte)	Bonaparte			1804–14, 1815
491	Napoleon (II)	Bonaparte			
484	Louis XVIII	Bourbon			1814, 1815-24
485	Charles X	Bourbon			
486	Louis-Philippe				
492	Louis-Napoléon Bonaparte				
493	Adolphe Thiers				
494	Patrice de Mac-Mahon				
495	Jules Grévy				
496	Sadi Carnot				
497	Jean Casimir-Périer				
498	Félix Faure				
499	Émile Loubet				
500	Armand Fallières				
501	Raymond Poincaré				
502	Paul Deschanel				
503	Alexandre Millerand				
504	Gaston Doumergue				
505	Paul Doumer				
506	Albert Lebrun				
507	Philippe Pétain				
489	Provisional government				
508	Vincent Auriol				
509	René Coty				
510	Charles de Gaulle				
511	Georges Pompidou				
512	Valéry Giscard d'Estaing				
513	François Mitterrand				
514	Jacques Chirac				
515	Nicolas Sarkozy				
516	François Hollande				
517	Emmanuel Macron				
518	Anastasius I	-	https://en.wikipedia.org/wiki/Anastasius_I_Dicorus		
519	Justin I	Justinid	https://en.wikipedia.org/wiki/Justin_I		
520	Justinian I	Justinid	https://en.wikipedia.org/wiki/Justinian_I	the Great	
521	Justin II	Justinid	https://en.wikipedia.org/wiki/Justin_II		
936	Tiberius II	Justinid	https://en.wikipedia.org/wiki/Tiberius_II_Constantine	Constantine	
522	Maurice	Justinid	https://en.wikipedia.org/wiki/Maurice_(emperor)		
523	Phocas	-	https://en.wikipedia.org/wiki/Phocas		
524	Heraclius	Heraclian	https://en.wikipedia.org/wiki/Heraclius		
525	Heraclonas		https://en.wikipedia.org/wiki/Heraclonas		
526	Constantine III		https://en.wikipedia.org/wiki/Constantine_III_(Byzantine_emperor)		January to April or May 641
527	Constans II Pogonatus	Heraclian	https://en.wikipedia.org/wiki/Constans_II		
528	Constantine IV	Heraclian	https://en.wikipedia.org/wiki/Constantine_IV		
529	Justinian II	Heraclian	https://en.wikipedia.org/wiki/Justinian_II	the Slit-Nosed	
938	Leontius		https://en.wikipedia.org/wiki/Leontius		
939	Tiberius III		https://en.wikipedia.org/wiki/Tiberius_III		
530	Philippicus Bardanes	Heraclian	https://en.wikipedia.org/wiki/Philippicus_Bardanes		
531	Anastasios II		https://en.wikipedia.org/wiki/Anastasius_II_(emperor)		
532	Leo III	Isaurian	https://en.wikipedia.org/wiki/Leo_III_the_Isaurian	the Isaurian	
533	Constantine V	Isaurian	https://en.wikipedia.org/wiki/Constantine_V	Copronymus	
534	Leo IV		https://en.wikipedia.org/wiki/Leo_IV_the_Khazar	the Khazar	
535	Constantine VI		https://en.wikipedia.org/wiki/Constantine_VI	the Blind	
937	Irene of Athens	Isaurian	https://en.wikipedia.org/wiki/Irene_of_Athens		
536	Nicephorus I		https://en.wikipedia.org/wiki/Nikephoros_I		
940	Staurakios		https://en.wikipedia.org/wiki/Staurakios		
537	Michael I Rhangabe	None	https://en.wikipedia.org/wiki/Michael_I_Rangabe		
538	Leo V	None	https://en.wikipedia.org/wiki/Leo_V_the_Armenian	the Armenian	
539	Michael II	Amorian	https://en.wikipedia.org/wiki/Michael_II	the Amorian	
941	Theophilos	Amorian	https://en.wikipedia.org/wiki/Theophilos_(emperor)		
540	Michael III	Amorian	https://en.wikipedia.org/wiki/Michael_III	the Drunkard	
541	Basil I	Macedonian	https://en.wikipedia.org/wiki/Basil_I	the Macedonian	
542	Leo VI	Macedonian	https://en.wikipedia.org/wiki/Leo_VI_the_Wise	the Wise	
543	Alexander		https://en.wikipedia.org/wiki/Alexander,_Byzantine_Emperor		
544	Constantine VII Porphyrogenitus	Macedonian	https://en.wikipedia.org/wiki/Constantine_VII		
545	Romanus I Lecapenus		https://en.wikipedia.org/wiki/Romanus_Lecapenus		
546	Romanus II	Macedonian	https://en.wikipedia.org/wiki/Romanos_II		
547	Nicephorus II Phocas		https://en.wikipedia.org/wiki/Nikephoros_II_Phokas		military emperor
548	John I Tzimisces		https://en.wikipedia.org/wiki/John_I_Tzimiskes		military emperor
549	Basil II	Macedonian	https://en.wikipedia.org/wiki/Basil_II	the Bulgar Slayer	960, crowned as baby; 976–1025, sole emperor
550	Constantine VIII	Macedonian	https://en.wikipedia.org/wiki/Constantine_VIII		960, crowned as baby; 1025–28, sole emperor
942	Romanos III Argyros		https://en.wikipedia.org/wiki/Romanos_III_Argyros		
551	Michael IV		https://en.wikipedia.org/wiki/Michael_IV_the_Paphlagonian	the Paphlagonian	
552	Michael V Calaphates		https://en.wikipedia.org/wiki/Michael_V	the Caulker	
943	Zoe Porphyrogenita		https://en.wikipedia.org/wiki/Zoe_Porphyrogenita		
553	Constantine IX Monomachus		https://en.wikipedia.org/wiki/Constantine_IX_Monomachos		
944	Theodora Porphyrogenita	Macedonian	https://en.wikipedia.org/wiki/Theodora_Porphyrogenita		
554	Michael VI Stratioticus	Macedonian	https://en.wikipedia.org/wiki/Michael_VI	the Elder	
555	Isaac I Comnenus	Komnenos	https://en.wikipedia.org/wiki/Isaac_I_Komnenos		
556	Constantine X Ducas	Doukas	https://en.wikipedia.org/wiki/Constantine_X_Doukas		
945	Romanos IV Diogenes		https://en.wikipedia.org/wiki/Romanos_IV_Diogenes		
557	Michael VII Ducas	Doukas	https://en.wikipedia.org/wiki/Michael_VII_Doukas		
558	Nicephorus III Botaneiates		https://en.wikipedia.org/wiki/Nikephoros_III_Botaneiates		
559	Alexius I Comnenus	Komnenos	https://en.wikipedia.org/wiki/Alexios_I_Komnenos		
560	John II Comnenus	Komnenos	https://en.wikipedia.org/wiki/John_II_Komnenos		
561	Manuel I Comnenus	Komnenos	https://en.wikipedia.org/wiki/Manuel_I_Komnenos		
562	Alexius II Comnenus	Komnenos	https://en.wikipedia.org/wiki/Alexios_II_Komnenos		
563	Andronicus I Comnenus	Komnenos	https://en.wikipedia.org/wiki/Andronikos_I_Komnenos		
564	Isaac II Angelus	Angelos	https://en.wikipedia.org/wiki/Isaac_II_Angelos		
565	Alexius III Angelus	Angelos	https://en.wikipedia.org/wiki/Alexios_III_Angelos		
566	Alexius IV Angelus	Angelos	https://en.wikipedia.org/wiki/Alexios_IV_Angelos		
567	Alexius V Ducas		https://en.wikipedia.org/wiki/Alexios_V_Doukas	Mourtzouphlos	
568	Baldwin I		https://en.wikipedia.org/wiki/Baldwin_I,_Latin_Emperor		
569	Baldwin II Porphyrogenitus		https://en.wikipedia.org/wiki/Baldwin_II_Porphyrogenitus		
570	Michael VIII Palaeologus	Palaiologos	https://en.wikipedia.org/wiki/Michael_VIII_Palaiologos		
571	Andronicus II Palaeologus	Palaiologos	https://en.wikipedia.org/wiki/Andronikos_II_Palaiologos		
572	Andronicus III Palaeologus	Palaiologos	https://en.wikipedia.org/wiki/Andronikos_III_Palaiologos		
573	John V Palaeologus	Palaiologos	https://en.wikipedia.org/wiki/John_V_Palaiologos		
574	John VI Cantacuzenus	Palaiologos	https://en.wikipedia.org/wiki/John_VI_Kantakouzenos		
575	Andronicus IV Palaeologus		https://en.wikipedia.org/wiki/Andronicus_IV		
576	John VII Palaeologus		https://en.wikipedia.org/wiki/John_VII_Palaiologos		
577	Manuel II Palaeologus	Palaiologos	https://en.wikipedia.org/wiki/Manuel_II_Palaiologos		
578	John VIII Palaeologus	Palaiologos	https://en.wikipedia.org/wiki/John_VIII_Palaiologos		1408, crowned co-emperor; 1421–48
579	Constantine XI Palaeologus	Palaiologos	https://en.wikipedia.org/wiki/Constantine_XI_Palaiologos		
580	Shihuangdi	Qin dynasty (221–207 BCE	https://en.wikipedia.org/wiki/Shihuangdi		
581	Gaozu of Han	Han dynasty	https://en.wikipedia.org/wiki/Gaozu_of_Han		
582	Wen of Han	Han dynasty	https://en.wikipedia.org/wiki/Emperor_Wen_of_Han		
583	Jingdi	Han dynasty	https://en.wikipedia.org/wiki/Jingdi		
584	Wu of Han	Han dynasty	https://en.wikipedia.org/wiki/Wudi_of_Han		
585	Xuandi	Han dynasty			
586	Yuandi	Han dynasty			
587	Pingdi	Han dynasty			
588	Guangwudi	Han dynasty			
589	Mingdi	Han dynasty			
590	Zhangdi	Han dynasty			
591	Wang Mang	Xin dynasty			
592	Cao Pi	Wu dynasty			
593	Sun Quan	Wu dynasty			
594	Wei dynasty				
595	Xiaowendi	Wu dynasty			
596	Wu of Jin	Jin dynasty	https://en.wikipedia.org/wiki/Emperor_Wu_of_Jin		
821	Hui of Jin	Jin dynasty	https://www.wikiwand.com/en/Emperor_Hui_of_Jin		
822	Huai of Jin	Jin dynasty	https://en.wikipedia.org/wiki/Emperor_Huai_of_Jin		
823	Min of Jin	Jin dynasty	https://en.wikipedia.org/wiki/Emperor_Min_of_Jin		
824	Yuan of Jin	Jin dynasty	https://en.wikipedia.org/wiki/Emperor_Yuan_of_Jin		
597	Wudi	Southern Liang dynasty			
598	Wendi	Sui dynasty			
599	Yangdi	Sui dynasty			
600	Gaozu	Tang dynasty			
601	Taizong of Tang	Tang dynasty	https://en.wikipedia.org/wiki/Emperor_Taizong_of_Tang		
602	Gaozong of Tang	Tang dynasty	https://en.wikipedia.org/wiki/Gaozong_of_Tang		
603	Ruizong	Tang dynasty			
604	Xuanzong	Tang dynasty			
605	Dezong	Tang dynasty			
606	Wenzong	Tang dynasty			
607	Zhu Wen	Later Liang dynasty			
608	Taizu	Song dynasty			
609	Taizong	Song dynasty			
610	Zhenzong	Song dynasty			
611	Renzong	Song dynasty			
612	Shenzong	Song dynasty			
613	Huizong	Song dynasty			
614	Qinzong	Song dynasty			
615	Li Yuanhao	Xi Xia dynasty			
616	Gaozong	Southern Song dynasty			
617	Ningzong	Southern Song dynasty			
618	Kublai Khan	Yuan dynasty			
619	Temür	Yuan dynasty			
620	Buyantu	Yuan dynasty			
621	Togon-temür	Yuan dynasty			
622	Hongwu	Ming dynasty			
623	Yongle	Ming dynasty			
624	Zhengtong	Ming dynasty			
625	Jingtai	Ming dynasty			
626	Zhengde	Ming dynasty			
627	Jiajing	Ming dynasty			
628	Longqing	Ming dynasty			
629	Wanli	Ming dynasty			
630	Tianqi	Ming dynasty			
631	Chongzhen	Ming dynasty			
632	Shunzhi	Qing dynasty			
633	Kangxi	Qing dynasty			
634	Yongzheng	Qing dynasty			
635	Qianlong	Qing dynasty			
636	Jiaqing	Qing dynasty			
637	Daoguang	Qing dynasty			
638	Xianfeng	Qing dynasty			
639	Tongzhi	Qing dynasty			
640	Guangxu	Qing dynasty			
641	Puyi	Qing dynasty			
648	Guy II	legitimacy questioned			
649	Lambert of Spoleto		https://en.wikipedia.org/wiki/Lambert_of_Spoleto		
651	Louis III				
652	Berengar				
653	Otto I				
654	Otto II				
655	Otto III				
656	Heinrich II			Saint Henry	
657	Conrad II				
658	Heinrich III				
659	Heinrich IV				
660	Heinrich V				
661	Lothar III				
662	Frederick I				
663	Heinrich VI				
664	Otto IV				
665	Frederick II				
666	Heinrich VII				
667	Louis IV				
668	Charles IV		https://en.wikipedia.org/wiki/Charles_IV,_Holy_Roman_Emperor		
669	Sigismund				
670	Frederick III				
671	Maximilian I				
672	Charles V		https://en.wikipedia.org/wiki/Charles_V,_Holy_Roman_Emperor		
673	Ferdinand I				
674	Maximilian II				
675	Rudolf II				
676	Matthias				
677	Ferdinand II				
678	Ferdinand III				
679	Leopold I				
680	Joseph I				
681	Charles VI				
682	Charles VII				
683	Francis I				
684	Joseph II				
685	Leopold II				
687	Augustus				
688	Tiberius				
689	Caligula				
690	Claudius				
691	Nero				
692	Galba				
693	Otho				January-April 69 CE
694	Aulus Vitellius				July-December 69 CE
695	Vespasian				
696	Titus				
697	Domitian				
698	Nerva				
699	Trajan				
700	Hadrian				
701	Antoninus Pius				
702	Marcus Aurelius				
703	Lucius Verus				
704	Commodus				
705	Publius Helvius Pertinax				January-March 193 CE
706	Marcus Didius Severus Julianus				March-June 193 CE
707	Septimius Severus				
708	Caracalla				
709	Publius Septimius Geta				
710	Macrinus				
711	Elagabalus				
712	Severus Alexander				
713	Maximinus				
714	Gordian I				March-April 238 CE
715	Gordian II				March-April 238 CE
716	Pupienus Maximus				April 22-July 29, 238 CE
717	Balbinus				April 22-July 29, 238 CE
718	Gordian III				
719	Philip				
720	Decius				
721	Hostilian				
722	Gallus				
723	Aemilian				
724	Valerian				
725	Gallienus				
726	Claudius II Gothicus				
727	Quintillus				
728	Aurelian				
729	Tacitus		https://en.wikipedia.org/wiki/Tacitus_(emperor)		
730	Florian				June-September 276 CE
731	Probus				
732	Carus				
733	Numerian				
734	Carinus				
735	Diocletian				divided the empire into East and West
736	Maximian				
737	Constantius I				
738	Galerius				
739	Severus				
740	Maxentius				
741	Constantine I		https://en.wikipedia.org/wiki/Constantine_the_Great		reunified the empire
742	Galerius Valerius Maximinus				
743	Licinius				
744	Constantine II		https://en.wikipedia.org/wiki/Constantine_II_(emperor)		
745	Constantius II		https://en.wikipedia.org/wiki/Constantius_II		
746	Constans I		https://en.wikipedia.org/wiki/Constans		
747	Gallus Caesar				
748	Julian		https://en.wikipedia.org/wiki/Julian_(emperor)	the Apostate	
749	Jovian		https://en.wikipedia.org/wiki/Jovian_(emperor)		
750	Valentinian I		https://en.wikipedia.org/wiki/Valentinian_I		
751	Valens		https://en.wikipedia.org/wiki/Valens_(emperor)		
752	Procopius				
753	Gratian		https://en.wikipedia.org/wiki/Gratian		co-emperor with Valentian I
754	Valentinian II				crowned as child
755	Theodosius I		https://en.wikipedia.org/wiki/Theodosius_I	the Great	
756	Arcadius		https://en.wikipedia.org/wiki/Arcadius		East, 383-395 CE, co-emperor; 395- 402 CE, sole emperor
757	Magnus Maximus				
758	Honorius				
759	Theodosius II		https://en.wikipedia.org/wiki/Theodosius_II		
760	Constantius III				West, 421 CE, co-emperor
761	Valentinian III				
762	Marcian		https://en.wikipedia.org/wiki/Marcian		
763	Petronius Maximus				West, March 17-May 31, 455 CE
764	Avitus				
765	Majorian				
766	Libius Severus				
767	Anthemius				
768	Olybrius				West, April-November 472 CE
769	Glycerius				
770	Julius Nepos				
771	Romulus Augustulus				
772	Leo I		https://en.wikipedia.org/wiki/Leo_I_(emperor)	the Thracian	
773	Leo II				
946	Basiliscus		https://en.wikipedia.org/wiki/Basiliscus		
774	Zeno		https://en.wikipedia.org/wiki/Zeno_(emperor)		
775	Peter I		https://en.wikipedia.org/wiki/Peter_the_Great	the Great	1682-1721, tsar; 1721-25, emperor
776	Catherine				
777	Peter II				
778	Anna				
779	Ivan VI				
780	Elizabeth				
781	Peter III				
782	Catherine II				
783	Paul				
784	Alexander I				
785	Nicholas I				
786	Alexander II				
787	Alexander III				
788	Nicholas II				
789	Daniel				
790	Yury	Danilovich dynasty			
791	Ivan I	Danilovich dynasty			
792	Semyon (Simeon)	Danilovich dynasty			
793	Ivan II	Danilovich dynasty			
794	Dmitry (II) Donskoy	Danilovich dynasty			
795	Vasily I	Danilovich dynasty			
796	Vasily II	Danilovich dynasty			
797	Ivan III	Danilovich dynasty			
798	Vasily III	Danilovich dynasty			
799	Ivan IV	Danilovich dynasty			
800	Fyodor I	Danilovich dynasty			
801	Boris Godunov				
802	Fyodor II				
803	False Dmitry				
804	Vasily (IV) Shuysky				
805	Interregnum				
806	Michael				
807	Alexis				
808	Fyodor III				
813	Vladimir Ilich Lenin				
814	Joseph Stalin				
815	Georgy Malenkov				
816	Nikita Khrushchev				
817	Leonid Brezhnev				
818	Yury Andropov				
819	Konstantin Chernenko				
820	Mikhail Gorbachev				
810	Boris Yeltsin				
811	Vladimir Putin				
812	Dmitry Medvedev				
831	Isabel I	Trastámara	https://en.wikipedia.org/wiki/Isabella_I_of_Castile	the Catholic	
832	Fernando II	Trastámara	https://en.wikipedia.org/wiki/Ferdinand_II_of_Aragon	the Catholic	
833	Juana I	Trastámara	https://en.wikipedia.org/wiki/Joanna_of_Castile	the Mad	
834	Felipe I	Habsburg	https://en.wikipedia.org/wiki/Philip_I_of_Castile	the Handsome	
835	Felipe II	Habsburg	https://en.wikipedia.org/wiki/Philip_II_of_Spain	the Prudent	
836	Felipe III	Habsburg	https://en.wikipedia.org/wiki/Philip_III_of_Spain	the Pious	
837	Felipe IV	Habsburg	https://en.wikipedia.org/wiki/Philip_IV_of_Spain	the Great	
838	Carlos II	Habsburg	https://en.wikipedia.org/wiki/Charles_II_of_Spain	the Bewitched	
839	Felipe V	Bourbon	https://en.wikipedia.org/wiki/Philip_V_of_Spain	the Spirited	
840	Luis I	Bourbon	https://en.wikipedia.org/wiki/Louis_I_of_Spain	the Beloved and the Liberal	
842	Fernando VI	Bourbon	https://en.wikipedia.org/wiki/Ferdinand_VI	the Learned	
843	Carlos III	Bourbon	https://en.wikipedia.org/wiki/Charles_III_of_Spain	the Enlightened and the King-Mayor	
844	Carlos IV	Bourbon	https://en.wikipedia.org/wiki/Charles_III_of_Spain	the Hunter	
845	Fernando VII	Bourbon	https://en.wikipedia.org/wiki/Ferdinand_VII_of_Spain	the Desired and the Felon King	
846	Jose I	Bonaparte	https://en.wikipedia.org/wiki/Joseph_Bonaparte	the Intruder and Bottle Joe	
848	Isabel II	Bourbon	https://en.wikipedia.org/wiki/Isabella_II	the Queen of Sad Mischance	
849	Amadeo	Savoy	https://en.wikipedia.org/wiki/Amadeo_I_of_Spain	Ithe Knight King	
850	Alfonso XII	Bourbon	https://en.wikipedia.org/wiki/Alfonso_XII	the Peacemaker	
851	Alfonso XIII	Bourbon	https://en.wikipedia.org/wiki/Alfonso_XIII	the African	
852	Juan Carlos I	Bourbon	https://en.wikipedia.org/wiki/Juan_Carlos_I		
853	Felipe VI	Bourbon	https://en.wikipedia.org/wiki/Felipe_VI		
854	Natalius		https://en.wikipedia.org/wiki/Antipope_Natalius		
855	Saint Hippolytus		https://en.wikipedia.org/wiki/Hippolytus_of_Rome		
856	Novatian		https://en.wikipedia.org/wiki/Antipope_Novatian		
857	Heraclius		https://en.wikipedia.org/wiki/Antipope_Heraclius		
858	Felix II		https://en.wikipedia.org/wiki/Antipope_Felix_II		
859	Ursicinus		https://en.wikipedia.org/wiki/Antipope_Ursicinus		
860	Eulalius		https://en.wikipedia.org/wiki/Antipope_Eulalius		
861	Laurentius	Lorenzo Celio	https://en.wikipedia.org/wiki/Antipope_Laurentius		
862	Dioscorus		https://en.wikipedia.org/wiki/Antipope_Dioscorus		
863	Theodore		https://en.wikipedia.org/wiki/Antipope_Theodore		
864	Paschal (I)		https://en.wikipedia.org/wiki/Antipope_Paschal		
865	Constantine II		https://en.wikipedia.org/wiki/Antipope_Constantine_II		
866	Philip		https://en.wikipedia.org/wiki/Antipope_Philip		
867	John VIII		https://en.wikipedia.org/wiki/Antipope_John_VIII		
868	Anastasius III		https://en.wikipedia.org/wiki/Antipope_Anastasius	Bibliothecarius	
869	Christopher		https://en.wikipedia.org/wiki/Antipope_Christopher		
870	Boniface VII	Franco Ferrucci	https://en.wikipedia.org/wiki/Antipope_Boniface_VII		
871	John XVI	Giovanni Filagatto	https://en.wikipedia.org/wiki/Antipope_John_XVI		
872	Gregory VI		https://en.wikipedia.org/wiki/Antipope_Gregory_VI		
873	Benedict X	Giovanni Mincio dei Conti di Tusculo	https://en.wikipedia.org/wiki/Antipope_Benedict_X		
874	Honorius II	Pietro Cadalus	https://en.wikipedia.org/wiki/Antipope_Honorius_II		
875	Clement III	Guibert of Ravenna	https://en.wikipedia.org/wiki/Antipope_Clement_III		
876	Theodoric		https://en.wikipedia.org/wiki/Antipope_Theodoric		
877	Adalbert		https://en.wikipedia.org/wiki/Antipope_Adalbert		
878	Sylvester IV	Maginulf	https://en.wikipedia.org/wiki/Antipope_Sylvester_IV		
879	Gregory VIII	Maurice Bourdin	https://en.wikipedia.org/wiki/Antipope_Gregory_VIII		
880	Celestine II	Teobaldo Boccapecci	https://en.wikipedia.org/wiki/Antipope_Celestine_II		
881	Anacletus II	Pietro Pierleoni	https://en.wikipedia.org/wiki/Antipope_Anacletus_II		
882	Victor IV	Gregorio Conti	https://en.wikipedia.org/wiki/Antipope_Victor_IV_(1138)		
883	Victor IV	Ottaviano dei Crescenzi Ottaviani di Monticelli	https://en.wikipedia.org/wiki/Antipope_Victor_IV_(1159%E2%80%931164)		
884	Paschal III	Guido di Crema	https://en.wikipedia.org/wiki/Antipope_Paschal_III		
885	Callixtus III	Giovanni of Struma	https://en.wikipedia.org/wiki/Antipope_Callixtus_III		
886	Innocent III	Lanzo of Sezza	https://en.wikipedia.org/wiki/Antipope_Innocent_III		
887	Nicholas V	Pietro Rainalducci	https://en.wikipedia.org/wiki/Antipope_Nicholas_V		
888	Clement VII	Robert of Geneva	https://en.wikipedia.org/wiki/Antipope_Clement_VII		
889	Benedict XIII	Pedro Martínez de Luna	https://en.wikipedia.org/wiki/Antipope_Benedict_XIII		
890	Alexander V	Pietro di Candia, or Philarghi	https://en.wikipedia.org/wiki/Antipope_Alexander_V		
891	John XXIII	Baldassare Cossa	https://en.wikipedia.org/wiki/Antipope_John_XXIII		
892	Clement VIII	Gil Sánchez Muñoz y Carbón	https://en.wikipedia.org/wiki/Antipope_Clement_VIII		
893	Benedict XIV	Bernard Garnier	https://en.wikipedia.org/wiki/Antipope_Benedict_XIV		
894	Benedict XIV	Jean Carrier	https://en.wikipedia.org/wiki/Antipope_Benedict_XIV		
895	Felix V	Duke Amadeus VIII of Savoy	https://en.wikipedia.org/wiki/Antipope_Felix_V		
896	Kenneth I MacAlpin	Alpin	https://en.wikipedia.org/wiki/Kenneth_MacAlpin	"An Ferbasach, ""The Conqueror"""	
897	Donald I	Alpin	https://en.wikipedia.org/wiki/Donald_I_of_Scotland		
898	Constantine I	Alpin	https://en.wikipedia.org/wiki/Constantine_I_of_Scotland	"An Finn-Shoichleach, ""The Wine-Bountiful"""	
899	Áed (Aodh)	Alpin	https://en.wikipedia.org/wiki/%C3%81ed_mac_Cin%C3%A1eda	Áed the White	
900	Giric and Eochaid	Alpin	https://en.wikipedia.org/wiki/Giric	"Mac Rath, ""Son of Fortune"" and Rex Pictorum (""King of the Picts"")"	
901	Donald II	Alpin	https://en.wikipedia.org/wiki/Donald_II_of_Scotland	"Dásachtach, ""the Madman"""	
902	Constantine II	Alpin	https://en.wikipedia.org/wiki/Constantine_II_of_Scotland	"An Midhaise, ""the Middle Aged"""	
903	Malcolm I	Alpin	https://en.wikipedia.org/wiki/Malcolm_I_of_Scotland	"An Bodhbhdercc, ""the Dangerous Red"""	
904	Indulf	Alpin	https://en.wikipedia.org/wiki/Indulf	"An Ionsaighthigh, ""the Aggressor"""	
905	Dub	Alpin	https://en.wikipedia.org/wiki/Dub_of_Scotland	"Dén, ""the Vehement"""	
906	Culen	Alpin	https://en.wikipedia.org/wiki/Cuil%C3%A9n	"An Fionn, ""the White"""	
907	Kenneth II	Alpin	https://en.wikipedia.org/wiki/Kenneth_II_of_Scotland	"An Fionnghalach, ""the Fratricide"""	
908	Constantine III	Alpin	https://en.wikipedia.org/wiki/Constantine_III_of_Scotland		
909	Kenneth III	Alpin	https://en.wikipedia.org/wiki/Kenneth_III_of_Scotland	"An Donn, ""the Chief""/ ""the Brown"""	
910	Malcolm II	Alpin	https://en.wikipedia.org/wiki/Malcolm_II_of_Scotland	"Forranach, ""the Destroyer"""	
911	Duncan I	Dunkeld	https://en.wikipedia.org/wiki/Duncan_I_of_Scotland	"An t-Ilgarach ""the Diseased"" or ""the Sick"""	
912	Macbeth	Moray	https://en.wikipedia.org/wiki/Macbeth,_King_of_Scotland	"Rí Deircc, ""the Red King"""	
913	Lulach	Moray	https://en.wikipedia.org/wiki/Lulach	Lulach the Fool	
914	Malcolm III Canmore	Dunkeld	https://en.wikipedia.org/wiki/Malcolm_III_of_Scotland	Canmore	
915	Donald III	Dunkeld	https://en.wikipedia.org/wiki/Donald_III_of_Scotland	Donald Bane	
916	Duncan II	Dunkeld	https://en.wikipedia.org/wiki/Duncan_II_of_Scotland		
917	Edgar	Dunkeld	https://en.wikipedia.org/wiki/Edgar,_King_of_Scotland	"""the Valiant"""	
918	Alexander I	Dunkeld	https://en.wikipedia.org/wiki/Alexander_I_of_Scotland	"""the Fierce"""	
919	David I	Dunkeld	https://en.wikipedia.org/wiki/David_I_of_Scotland	Saint David	
920	Malcolm IV	Dunkeld	https://en.wikipedia.org/wiki/Malcolm_IV_of_Scotland	The Maiden	
921	William I	Dunkeld	https://en.wikipedia.org/wiki/William_the_Lion	The Lion	
922	Alexander II	Dunkeld	https://en.wikipedia.org/wiki/Alexander_II_of_Scotland		
923	Alexander III	Dunkeld	https://en.wikipedia.org/wiki/Alexander_III_of_Scotland		
924	Margaret	Sverre	https://en.wikipedia.org/wiki/Margaret,_Maid_of_Norway	Maid of Norway	
925	John de Balliol	Balliol	https://en.wikipedia.org/wiki/John_Balliol	"Toom Tabard (""Empty Cloak"")"	
926	Robert I	Bruce	https://en.wikipedia.org/wiki/Robert_the_Bruce	The Bruce	
927	David II	Bruce	https://en.wikipedia.org/wiki/David_II_of_Scotland		
928	Robert II	Stuart	https://en.wikipedia.org/wiki/Robert_II_of_Scotland	the Stewart	
929	Robert III	Stuart	https://en.wikipedia.org/wiki/Robert_III_of_Scotland	the Lame King	
930	James I	Stuart	https://en.wikipedia.org/wiki/James_I_of_Scotland		
931	James II	Stuart	https://en.wikipedia.org/wiki/James_II_of_Scotland	Fiery Face	
932	James III	Stuart	https://en.wikipedia.org/wiki/James_III_of_Scotland		
933	James IV	Stuart	https://en.wikipedia.org/wiki/James_IV_of_Scotland		
934	James V	Stuart	https://en.wikipedia.org/wiki/James_V_of_Scotland		
935	Mary I	Stuart	https://en.wikipedia.org/wiki/Mary,_Queen_of_Scots	Queen of Scots	
964	Ruggero II	Hauteville	https://en.wikipedia.org/wiki/Roger_II_of_Sicily		
965	Guglielmo I	Hauteville	https://en.wikipedia.org/wiki/William_I_of_Sicily	lu Malu	
966	Guglielmo II	Hauteville	https://en.wikipedia.org/wiki/William_II_of_Sicily	il Buono	
967	Tancredi	Hauteville-Illegitimate	https://en.wikipedia.org/wiki/Tancred_of_Sicily		
968	Ruggero III	Hauteville-Norman	https://en.wikipedia.org/wiki/Roger_III_of_Sicily		
969	Constanza	Hohenstaufen	https://en.wikipedia.org/wiki/Constance,_Queen_of_Sicily		
970	Conrad IV	Hohenstaufen	https://en.wikipedia.org/wiki/Conrad_IV_of_Germany		
971	Manfredi	Hohenstaufen	https://en.wikipedia.org/wiki/Manfred,_King_of_Sicily		
947	Carlo I	Anjou	https://en.wikipedia.org/wiki/Charles_I_of_Naples		
948	Carlo II	Anjou	https://en.wikipedia.org/wiki/Charles_II_of_Naples	lo Zoppo	
949	Roberto I	Anjou	https://en.wikipedia.org/wiki/Robert,_King_of_Naples	il Saggio	
950	Giovanna I	Anjou	https://en.wikipedia.org/wiki/Joanna_I_of_Naples		
951	Carlo III	Anjou-Durazzo	https://en.wikipedia.org/wiki/Charles_III_of_Naples	il Breve	
952	Ladislao I	Anjou-Durazzo	https://en.wikipedia.org/wiki/Ladislaus_of_Naples	il Magnanimo	
953	Giovanna II	Anjou-Durazzo	https://en.wikipedia.org/wiki/Joanna_II_of_Naples		
954	Renato I	Anjou	https://en.wikipedia.org/wiki/Ren%C3%A9_of_Anjou	il Buono	
955	Alfonso I	Trastámara	https://en.wikipedia.org/wiki/Alfonso_V_of_Aragon	il Magnanimo	
956	Ferdinando I	Trastámara	https://en.wikipedia.org/wiki/Ferdinand_I_of_Naples	Ferrante	
957	Alfonso II	Trastámara	https://en.wikipedia.org/wiki/Alfonso_II_of_Naples		
958	Ferdinando II	Trastámara	https://en.wikipedia.org/wiki/Ferdinand_II_of_Naples		
959	Federico I	Trastámara	https://en.wikipedia.org/wiki/Frederick_IV_of_Naples		
961	Ferdinand IV	Bourbon	https://en.wikipedia.org/wiki/Ferdinand_I_of_the_Two_Sicilies		
962	Joseph Bonaparte	Bonaparte	https://en.wikipedia.org/wiki/Joseph_Bonaparte		
963	Joachim Murat	Bonaparte	https://en.wikipedia.org/wiki/Joachim_Murat		
972	Jean Étienne Championnet		https://en.wikipedia.org/wiki/Jean_%C3%89tienne_Championnet		
973	Jacques MacDonald		https://en.wikipedia.org/wiki/Jacques_MacDonald		
974	Odoacer		https://en.wikipedia.org/wiki/Odoacer		
975	Theodoric	Amali	https://en.wikipedia.org/wiki/Theodoric_the_Great	the Great	
976	Athalaric	Amali	https://en.wikipedia.org/wiki/Athalaric		
977	Theodahad	Amali	https://en.wikipedia.org/wiki/Theodahad		
978	Witiges		https://en.wikipedia.org/wiki/Witiges		
979	Ildibad		https://en.wikipedia.org/wiki/Ildibad		
980	Eraric	Rugi	https://en.wikipedia.org/wiki/Eraric		
981	Totila		https://en.wikipedia.org/wiki/Totila		
982	Teia		https://en.wikipedia.org/wiki/Teia		
983	Alboin		https://en.wikipedia.org/wiki/Alboin		
984	Cleph		https://en.wikipedia.org/wiki/Cleph		
985	Authari		https://en.wikipedia.org/wiki/Authari		
986	Agilulf		https://en.wikipedia.org/wiki/Agilulf		
987	Adaloald		https://en.wikipedia.org/wiki/Adaloald		
988	Arioald		https://en.wikipedia.org/wiki/Arioald		
989	Rothari		https://en.wikipedia.org/wiki/Rothari		
990	Rodoald		https://en.wikipedia.org/wiki/Rodoald		
991	Aripert I		https://en.wikipedia.org/wiki/Aripert_I		
992	Godepert		https://en.wikipedia.org/wiki/Godepert		
993	Perctarit		https://en.wikipedia.org/wiki/Perctarit		
994	Grimuald		https://en.wikipedia.org/wiki/Grimuald		
995	Garibald		https://en.wikipedia.org/wiki/Garibald_of_Benevento		
996	Perctarit		https://en.wikipedia.org/wiki/Perctarit		
997	Cunipert		https://en.wikipedia.org/wiki/Cunipert		
998	Liutpert		https://en.wikipedia.org/wiki/Liutpert		
999	Raginpert		https://en.wikipedia.org/wiki/Raginpert		
1000	Aripert II		https://en.wikipedia.org/wiki/Aripert_II		
1001	Ansprand		https://en.wikipedia.org/wiki/Ansprand		
1002	Liutprand		https://en.wikipedia.org/wiki/Liutprand_of_the_Lombards		
1003	Hugh of Arles		https://en.wikipedia.org/wiki/Hugh_of_Italy		
1004	Berengar II		https://en.wikipedia.org/wiki/Berengar_II_of_Italy		
1005	Hildeprand		https://en.wikipedia.org/wiki/Hildeprand	The Useless	
1006	Ratchis		https://en.wikipedia.org/wiki/Ratchis		
1007	Aistulf		https://en.wikipedia.org/wiki/Aistulf		
1008	Desiderius		https://en.wikipedia.org/wiki/Desiderius		
686	Franz II	Habsburg-Lorraine	https://en.wikipedia.org/wiki/Francis_II,_Holy_Roman_Emperor		
1009	Ferdinand I	Habsburg-Lorraine	https://en.wikipedia.org/wiki/Ferdinand_I_of_Austria	The Benevolent	
1010	Franz Joseph I	Habsburg-Lorraine	https://en.wikipedia.org/wiki/Franz_Joseph_I_of_Austria		
1011	Karl I	Habsburg-Lorraine	https://en.wikipedia.org/wiki/Charles_I_of_Austria		
1012	Vittorio Emanuele II	Savoy	https://en.wikipedia.org/wiki/Victor_Emmanuel_II_of_Italy	Father of the Fatherland	
1013	Umberto I	Savoy	https://en.wikipedia.org/wiki/Umberto_I_of_Italy		
1014	Vittorio Emanuele III	Savoy	https://en.wikipedia.org/wiki/Victor_Emmanuel_III_of_Italy		
1015	Umberto II	Savoy	https://en.wikipedia.org/wiki/Umberto_II_of_Italy	King of May	
1016	L. Junius Brutus		https://en.wikipedia.org/wiki/Lucius_Junius_Brutus		
1017	Sp. Lucretius Tricipitinus		https://en.wikipedia.org/wiki/Spurius_Lucretius_Tricipitinus		
1018	M. Horatius Pulvillus		https://en.wikipedia.org/wiki/Marcus_Horatius_Pulvillus		
1019	L. Tarquinius Collatinus		https://en.wikipedia.org/wiki/Lucius_Tarquinius_Collatinus		
1020	P. Valerius Poplicola		https://en.wikipedia.org/wiki/Publius_Valerius_Poplicola		
1021	T. Lucretius Tricipitinus		https://en.wikipedia.org/wiki/Titus_Lucretius_Tricipitinus		
